fold,epoch,train_loss,valid_loss,mcrmse,cohesion,syntax,vocabulary,phraseology,grammar,conventions
0,4,0.0961649,0.10269074,0.4535669,0.48803592,0.4484088,0.41314274,0.4570742,0.47585344,0.43888628
1,4,0.09491901,0.10728579,0.46418285,0.49415615,0.44986603,0.42644435,0.46366632,0.48981094,0.46115348
2,4,0.093235776,0.108544014,0.4672314,0.4925173,0.45559296,0.42574093,0.47788408,0.48823783,0.46341524
3,4,0.09365146,0.102801785,0.454615,0.49158546,0.4541409,0.4182659,0.4467886,0.47891244,0.43799675
99.0,99.0,0.09449279308319092,0.10533058643341064,0.45989903807640076,0.491573691368103,0.4520021677017212,0.4208984971046448,0.4613533020019531,0.4832036793231964,0.4503629505634308
