mcrmse,cohesion,syntax,vocabulary,phraseology,grammar,conventions
0.45996198,0.49157816,0.45201242,0.42093313,0.46149066,0.48323858,0.4505188
