fold,epoch,train_loss,valid_loss,mcrmse,cohesion,syntax,vocabulary,phraseology,grammar,conventions
0,4,0.080851614,0.1069152,0.4629476,0.5008576,0.44153488,0.42598245,0.4706012,0.4779225,0.46078727
1,4,0.08256286,0.10600559,0.46175924,0.49254552,0.46163455,0.41846916,0.45869678,0.4847486,0.45446104
2,4,0.081921495,0.09877056,0.44510302,0.46479627,0.44882244,0.4055814,0.44545758,0.4658828,0.4400773
3,4,0.079509445,0.10293785,0.45451307,0.47642684,0.44619992,0.4236077,0.45721355,0.48183239,0.441798
99.0,99.0,0.08121135085821152,0.1036572977900505,0.45608073472976685,0.48365655541419983,0.4495479464530945,0.41841018199920654,0.457992285490036,0.47759658098220825,0.44928088784217834
