mcrmse,cohesion,syntax,vocabulary,phraseology,grammar,conventions
0.45617303,0.48385662,0.44960657,0.41848457,0.45807868,0.47764876,0.44936302
