mcrmse,cohesion,syntax,vocabulary,phraseology,grammar,conventions
0.46179414,0.49199566,0.45424744,0.42070124,0.46185005,0.48747274,0.4544979
