mcrmse,cohesion,syntax,vocabulary,phraseology,grammar,conventions
0.4529697,0.48479223,0.44589517,0.41696647,0.45401412,0.47181007,0.4443401
