fold,epoch,train_loss,valid_loss,mcrmse,cohesion,syntax,vocabulary,phraseology,grammar,conventions
0,4,0.09434447,0.10021138,0.44800234,0.4801023,0.44136706,0.41162154,0.45052144,0.46668884,0.43771297
1,4,0.09407307,0.10352514,0.4555346,0.49227238,0.44238275,0.4189175,0.4523031,0.47256076,0.45477128
2,4,0.09336631,0.105259836,0.45989653,0.48621315,0.45117772,0.41660875,0.46849412,0.48069918,0.45618618
3,4,0.0953216,0.0996512,0.44715628,0.48389202,0.4427732,0.4138398,0.43722096,0.46546498,0.43974653
99.0,99.0,0.09427636116743088,0.10216188430786133,0.45264744758605957,0.4856199622154236,0.44442519545555115,0.4152469038963318,0.4521348774433136,0.4713534414768219,0.44710424542427063
