mcrmse,cohesion,syntax,vocabulary,phraseology,grammar,conventions
0.4526968,0.48563835,0.4444431,0.41525513,0.45227107,0.47139165,0.44718155
