fold,epoch,train_loss,valid_loss,mcrmse,cohesion,syntax,vocabulary,phraseology,grammar,conventions
0,3,0.09518896,0.09974349,0.4469606,0.4775704,0.4418728,0.41159636,0.44931707,0.4658545,0.43555263
1,3,0.09520593,0.1032863,0.45513305,0.49100643,0.44445333,0.41886047,0.4518469,0.47094917,0.4536819
2,3,0.09280135,0.10440868,0.45806667,0.48423526,0.4514251,0.41515568,0.46657878,0.47467047,0.45633486
3,3,0.09569035,0.09892722,0.44541147,0.4834232,0.44171622,0.41173288,0.43492034,0.46399614,0.43668023
99.0,99.0,0.09472164511680603,0.10159143060445786,0.4513929486274719,0.48405882716178894,0.4448668658733368,0.41433635354042053,0.45066577196121216,0.46886759996414185,0.4455623924732208
