mcrmse,cohesion,syntax,vocabulary,phraseology,grammar,conventions
0.45144394,0.4840805,0.44488442,0.4143459,0.4508054,0.4688859,0.44566163
