fold,epoch,train_loss,valid_loss,mcrmse,cohesion,syntax,vocabulary,phraseology,grammar,conventions
0,4,0.09918318,0.10346712,0.45532247,0.4948426,0.44590673,0.4177932,0.4560024,0.47912437,0.43826547
1,4,0.09715893,0.107032776,0.46335778,0.49809164,0.45136198,0.42476392,0.4625511,0.48865703,0.45472088
2,4,0.09762707,0.10638283,0.462499,0.49415234,0.45117337,0.42358342,0.46940288,0.47857007,0.45811176
3,4,0.09822634,0.10277121,0.4542868,0.49151495,0.44798934,0.41913545,0.45142025,0.47599912,0.43966165
99.0,99.0,0.09804888069629669,0.10491348803043365,0.45886650681495667,0.49465036392211914,0.4491078555583954,0.42131900787353516,0.459844172000885,0.4805876612663269,0.4476899206638336
