mcrmse,cohesion,syntax,vocabulary,phraseology,grammar,conventions
0.45889577,0.49465507,0.44911304,0.42132825,0.4598936,0.4806096,0.44777507
