mcrmse,cohesion,syntax,vocabulary,phraseology,grammar,conventions
0.45648137,0.48665985,0.45011503,0.41713044,0.45797414,0.4774175,0.44959113
