fold,epoch,train_loss,valid_loss,mcrmse,cohesion,syntax,vocabulary,phraseology,grammar,conventions
0,4,0.09147554,0.10745927,0.46427143,0.50697595,0.43850988,0.4270563,0.46921968,0.4796585,0.4642081
1,4,0.091382176,0.10363015,0.45597076,0.4864573,0.4521684,0.4104169,0.4538099,0.48019594,0.4527762
2,4,0.09478526,0.09826899,0.4439039,0.46618423,0.44765633,0.40882903,0.4441557,0.46639597,0.430202
3,4,0.09185078,0.10065601,0.4494147,0.47337195,0.44794476,0.4181171,0.4502168,0.46953562,0.4373019
99.0,99.0,0.09237343817949295,0.10250360518693924,0.4533902108669281,0.4832473695278168,0.4465698301792145,0.41610485315322876,0.4543505012989044,0.4739465117454529,0.44612205028533936
