mcrmse,cohesion,syntax,vocabulary,phraseology,grammar,conventions
0.45350114,0.48349538,0.4465962,0.41616914,0.45444486,0.47398397,0.4463172
