fold,epoch,train_loss,valid_loss,mcrmse,cohesion,syntax,vocabulary,phraseology,grammar,conventions
0,3,0.09359869,0.10208256,0.4523439,0.48335767,0.44712505,0.41302246,0.45603803,0.4695288,0.44499132
1,3,0.09096997,0.10812813,0.46609166,0.49389732,0.45359308,0.42903894,0.4691236,0.49034688,0.46055004
2,4,0.07849707,0.106935665,0.46358514,0.48642936,0.44924617,0.42395103,0.47154936,0.48681638,0.46351862
3,3,0.09369781,0.10445971,0.4582764,0.49909565,0.4603876,0.41543472,0.45015627,0.48009565,0.44448847
99.0,99.0,0.08919089287519455,0.10540151596069336,0.4600742757320404,0.4906949996948242,0.45258796215057373,0.42036178708076477,0.46171683073043823,0.4816969335079193,0.45338714122772217
