mcrmse,cohesion,syntax,vocabulary,phraseology,grammar,conventions
0.46013138,0.49073312,0.45261613,0.42040902,0.46180087,0.48176003,0.453469
