fold,epoch,train_loss,valid_loss,mcrmse,cohesion,syntax,vocabulary,phraseology,grammar,conventions
0,4,0.088063486,0.10267245,0.4536219,0.4852069,0.44641733,0.41328752,0.45821023,0.4730705,0.44553894
1,4,0.087037675,0.10784124,0.46550596,0.48986447,0.45351717,0.42385593,0.4678854,0.4945171,0.4633956
2,4,0.08476313,0.10789116,0.4655917,0.4899793,0.44969586,0.427399,0.47459254,0.487056,0.46482778
3,4,0.08636166,0.10457534,0.45861617,0.49339265,0.45651758,0.41991618,0.44955906,0.48529375,0.44701785
99.0,99.0,0.08655649423599243,0.10574504733085632,0.46083390712738037,0.48961085081100464,0.45153698325157166,0.42111465334892273,0.46256181597709656,0.4849843382835388,0.4551950693130493
