mcrmse,cohesion,syntax,vocabulary,phraseology,grammar,conventions
0.4608834,0.48961943,0.4515526,0.42114654,0.46265802,0.48504305,0.45528087
