fold,epoch,train_loss,valid_loss,mcrmse,cohesion,syntax,vocabulary,phraseology,grammar,conventions
0,4,0.0857837,0.111494415,0.4735262,0.5125566,0.44747823,0.43389362,0.4785781,0.49265212,0.47599834
1,4,0.08725578,0.107607365,0.4650949,0.4976022,0.46678165,0.4167298,0.45820168,0.48773882,0.46351522
2,4,0.086893745,0.10050904,0.44908154,0.4748711,0.4485306,0.40827993,0.44064504,0.4780169,0.44414568
3,4,0.086669885,0.10496664,0.45909524,0.47851977,0.45376363,0.43098214,0.45891684,0.48682725,0.4455617
99.0,99.0,0.0866507813334465,0.10614436864852905,0.4616994857788086,0.49088743329048157,0.45413854718208313,0.42247137427330017,0.4590854048728943,0.4863087832927704,0.45730525255203247
