mcrmse,cohesion,syntax,vocabulary,phraseology,grammar,conventions
0.46183953,0.49112105,0.45420018,0.4226022,0.45928192,0.48633704,0.45749474
