fold,epoch,train_loss,valid_loss,mcrmse,cohesion,syntax,vocabulary,phraseology,grammar,conventions
0,3,0.09507596,0.09984761,0.44719335,0.47779575,0.44275668,0.410933,0.44972745,0.46610594,0.43584114
1,3,0.095705174,0.10335419,0.4552873,0.4919293,0.4447469,0.41900846,0.45177072,0.47072923,0.45353904
2,3,0.0928264,0.104471005,0.45822504,0.4844257,0.45146272,0.41533154,0.4665174,0.4750954,0.45651743
3,3,0.095965974,0.09898608,0.44552016,0.48449677,0.4418264,0.41154832,0.4347888,0.46398917,0.43647164
99.0,99.0,0.09489338099956512,0.1016647219657898,0.4515564739704132,0.48466187715530396,0.4451981782913208,0.41420531272888184,0.4507010877132416,0.46897992491722107,0.44559234380722046
