mcrmse,cohesion,syntax,vocabulary,phraseology,grammar,conventions
0.45160806,0.4846858,0.44521427,0.41421682,0.450841,0.46899912,0.44569147
