fold,epoch,train_loss,valid_loss,mcrmse,cohesion,syntax,vocabulary,phraseology,grammar,conventions
0,3,0.08574221,0.10117057,0.45017728,0.48024276,0.44480392,0.41204658,0.45599264,0.4654029,0.44257474
1,3,0.085165285,0.10376931,0.45647225,0.48653314,0.44521746,0.41989496,0.45270264,0.47798824,0.45649707
2,3,0.0879304,0.10459384,0.45822012,0.4814479,0.4492701,0.41971728,0.46272305,0.48226205,0.4539005
3,3,0.08358253,0.10226046,0.45308042,0.48804444,0.45244384,0.41617444,0.44651267,0.47267386,0.44263318
99.0,99.0,0.08560510724782944,0.10294854640960693,0.45448750257492065,0.48406708240509033,0.4479338228702545,0.4169583022594452,0.454482764005661,0.474581778049469,0.44890135526657104
