mcrmse,cohesion,syntax,vocabulary,phraseology,grammar,conventions
0.45451352,0.48407763,0.44794548,0.41696987,0.45452088,0.47462267,0.44894457
