fold,epoch,train_loss,valid_loss,mcrmse,cohesion,syntax,vocabulary,phraseology,grammar,conventions
0,3,0.08466305,0.10664393,0.46235666,0.50069153,0.43971232,0.42524508,0.46964803,0.47834006,0.46050283
1,3,0.0867143,0.10558677,0.4607108,0.4901348,0.46045032,0.41632825,0.45854613,0.48746425,0.451341
2,3,0.08866444,0.098277815,0.4439592,0.46374315,0.44782224,0.40471286,0.44394022,0.46519458,0.43834233
3,3,0.087042846,0.101827614,0.4520159,0.47747797,0.44280604,0.42022413,0.45248052,0.4782067,0.4409002
99.0,99.0,0.0867711529135704,0.103084035217762,0.4547606408596039,0.4830119013786316,0.4476977288722992,0.41662758588790894,0.4561537504196167,0.4773014187812805,0.4477715790271759
