mcrmse,cohesion,syntax,vocabulary,phraseology,grammar,conventions
0.45485672,0.4832081,0.44776437,0.41669643,0.45624918,0.47736475,0.4478575
